Categoria,Ayuda del formulario a la categoría,
Carnetización,"Para la expedición del carnet por primera vez, debe tomar su cita a través de:
https://bit.ly/Cita_para_carnetizacion",
Actualización de datos personales,"La División de Registro y Matrícula de la Sede Bogotá informa que, la actualización de datos personales como nombres, apellidos, sexo biológico, tipo o número de documento de identidad, debe ser solicitado a través de: https://bit.ly/DRM_Actualizacion_Datos_Bogota
Es importante mantener estos datos actualizados y coincidentes con la Registraduría Nacional para evitar inconvenientes con reportes de la Universidad ante el Ministerio de Educación Nacional entre otras entidades",
Calendario académico,"Calendario Académicos 2026-1S 

ACUERDO 29 DE 2025 del Consejo de Sede Bogotá
2025-2S Sede Bogotá.

https://legal.unal.edu.co/rlunal/home/doc.jsp?d_i=115331  ",Esto cambia cada semestre/ depende del calendario académico
Certificados,"El estudiante puede descargar el certificado desde su Portal de Servicios  Académicos SIA, cabe anotar que si el certificado que genera el sistema no le es útil o no lo puede generar, debe comunicarse directamente con la Secretaría de Facultad a la que pertenece, dependencia encargada de su expedición.  ",
"Gestión Académica - Inscripción, adiciones y cancelaciones de asignaturas","Inscripción de asignaturas o actividades académicas por el portal académico del SIA 2026-1S

Desde el 24 enero 2026

Hasta el 28 enero 2026

El aplicativo de solicitud de cupos se habilita de acuerdo con las fechas establecidas en el calendario académico de la Sede Bogotá ( 29 enero 2026  )  mediante el siguiente enlace: https://solicitudesbog.unal.edu.co/  

Adición y cancelación asignaturas y actividades académicas sin pérdida de créditos a través del portal académico del SIA.
Desde el 02 febrero 2026 

Hasta el 13 febrero 2026

 https://legal.unal.edu.co/rlunal/home/doc.jsp?d_i=115331  ",Esto cambia cada semestre/ depende del calendario académico
Gestión Económica - Información general,"Fraccionamiento de matrícula de pregrado 2026-1S
Resolución 1339 de 2022 de la Rectoría
Primera cuota
Derechos de bienestar: 10% del concepto de matrícula (Depende del PBM)
Sistematización: $88.160
Seguro estudiantil o póliza: $25.000
Derechos de bienestar universitario, sistematización y seguro estudiantil o póliza

Segunda cuota
50% del valor de los derechos de matrícula neta

Tercera cuota
50% del valor de los derechos de matrícula neta

Calendario pagos de matrícula Pregrado

Resolución 1339 de 2022 de la Rectoría

Habilitación de recibos de matrícula de estudiantes de pregrado 2026-1S  desde el 16 de enero de 2026

Fechas de pago primer cuota de fraccionamiento de matrícula estudiantes de pregrado 
oportuno hasta 31 de enero de 2026
Extemporáneo hasta 05 de febrero de 2026

Fechas de pago segunda cuota de fraccionamiento de matrícula estudiantes de pregrado
oportuno hasta 4 de marzo de 2026
Extemporáneo hasta 6 de marzo de 2026

Fechas de pago tercer cuota de fraccionamiento de matrícula estudiantes de pregrado
oportuno hasta 6 de abril de 2026
Extemporáneo hasta 8 abril de 2026

(Circular 2 de 2026 Rectoría)",Esto cambia cada semestre/ depende del calendario académico
Gestión Económica - Inconsistencias sobre recibo,"El fraccionamiento de matrícula para los estudiantes nivel pregrado de la Universidad se encuentra establecido por norma según  el parágrafo 4 del artículo 1 de la Resolución de Rectoría 1339 de 2022 “Por la cual se adopta el sistema de fraccionamiento de matrícula para todos los estudiantes de pregrado de la Universidad  “establece que la misma, aplica a todos los estudiantes de pregrado de la Universidad, el fraccionamiento estipulado en el presente artículo no aplicará a los estudiantes con financiaciones externas y descuentos del 100% sobre el concepto de derechos académicos, a quienes se les generará  recibo único.",
Gestión Económica - Unificación de recibos,"La División de Registro,  le informa que no está autorizada para generar recibos de matrícula únicos (sin fraccionar). Esto se debe a que, según lo establecido en el parágrafo 4 del artículo 1 de la Resolución de Rectoría 1339 de 2022, “Por la cual se adopta el sistema de fraccionamiento de matrícula para todos los estudiantes de pregrado de la Universidad ”, el fraccionamiento aplica a todos los estudiantes de pregrado de la Universidad. 
Únicamente se exceptúan de esta medida los estudiantes con financiaciones externas y aquellos con descuentos del 100% sobre el concepto de derechos académicos, a quienes se les generará un recibo único.
",
Reubicación socioeconómica en Pregrado,"Las decisiones tomadas sobre solicitudes de reubicación socioeconómica y aplazamientos de matricula inicial son tramitadas directamente ante el Comité de Matrícula de Sede, se le sugiere dirigir su requerimiento con esta área y solicitar orientación.Es importante brindar información confiable y asertiva, debido a que, esta División no tiene competencia con estas solicitudes.
Comité de Matrícula comatri_bog@unal.edu.co 
Ventanilla exclusica https://forms.gle/nGyNf87W43u7Kzio8 ",
Aplazamiento de matrícula inicial,"
Aplazamiento de Matrícula Inicial – Requisitos y Procedimiento

Para poder solicitar el Aplazamiento de la Matrícula Inicial ante el Comité de Matrícula de Sede, el/la admitido(a) debe cumplir con los siguientes requisitos indispensables:

Haber diligenciado el Formulario de Registro (FORE).

Haber entregado, dentro de los plazos establecidos según su programa, la documentación solicitada por la División de Registro, incluyendo:

Resultados del ICFES.

Acta de grado.",
Política de gratuidad (matrícula cero) Pregrado,"🏛 Política de Gratuidad en Matrícula – Universidad Nacional de Colombia
¿Qué es?
Una iniciativa del Gobierno Nacional, implementada desde el primer semestre de 2022, que busca garantizar el acceso gratuito a la educación superior pública.
¿Quién la otorga?
El Ministerio de Educación Nacional es el responsable de otorgar el beneficio.
📌 Importante: La División de Registro y Matrícula de la Universidad no realiza las marcaciones de los beneficiarios en el sistema académico.
¿Qué cubre?
El valor de la matrícula ordinaria neta.
No cubre otros conceptos como:
• Bienestar universitario
• Sistematización
• Póliza o seguro estudiantil
¿Qué debe hacer el estudiante?
1.Pagar el primer fraccionamiento, que incluye los conceptos no cubiertos.
2.Cumplir los requisitos de acceso definidos por el Ministerio.
3. No incurrir en las causales de terminación del beneficio (ver Artículo 15 del Reglamento Operativo).
¿Dónde consultar más información?
Se invita ingresar a la página del Ministerio de Educación Nacional y conocer todo lo relacionado con la Política de Gratuidad: https://www.mineducacion.gov.co/portal/Educacion-superior/Politica-de-Gratuidad-Puedo-Estudiar/409830:Politica-de-Gratuidad-en-la-Educacion-Superior
• Consultar la página de la Dirección Nacional de Bienestar Universitario: https://bienestar.unal.edu.co/sistema-de-bienestar/alianzas-estrategicas/politica-de-gratuidad/",
Correcciones de nota,"El docente a cargo de la asignatura deberá tramitar la modificación de la nota ante la Secretaría de Facultad y después de ello la Facultad debe enviar la solicitud a esta División de: 

Desanulación de la asignatura
Devolución de créditos 
Modificación de la nota

Este trámite se procesa por la División de Registro acorde al orden de llegada de las solicitudes.",
Cancelación de periodo académico,"En casos de fuerza mayor, caso fortuito debidamente documentado  el Consejo de Facultad podrá autorizar la cancelación del período académico, es decir de la totalidad de asignaturas o actividades académicas inscritas. En tal caso los créditos correspondientes se reintegrarán al cupo de créditos para inscripción , el estudiante debe realizar la solicitud ingresando a su Portal de Servicios Académicos/Mis solicitudes.",
Otro,Esta categoriía permite al estudiante escribir lo que quiera y por esta razon tenemos en la columna de categorías varias preguntas abiertas,